ID|Names|Levels|GoodsIn|GUIDExt|GUIDExtParent|
000000002|Стройматериалы|0|0|b80b174b-3ffb-11e8-a200-88d7f6d608b5|
000000003|Общестроительные материалы|0|0|b80b174c-3ffb-11e8-a200-88d7f6d608b5|
000000004|Арматура композитная|1|1|b80b174d-3ffb-11e8-a200-88d7f6d608b5|b80b174c-3ffb-11e8-a200-88d7f6d608b5
000000006|Асбестовые трубы|1|1|b80b174f-3ffb-11e8-a200-88d7f6d608b5|b80b174c-3ffb-11e8-a200-88d7f6d608b5
000000008|Винтовые сваи|1|1|b80b1751-3ffb-11e8-a200-88d7f6d608b5|b80b174c-3ffb-11e8-a200-88d7f6d608b5
000000010|Газосиликатные блоки|2|1|b80b1753-3ffb-11e8-a200-88d7f6d608b5|510b8823-3b1a-11e9-a21b-88d7f6d608b5
000000012|Железобетонные блоки|2|1|b80b1755-3ffb-11e8-a200-88d7f6d608b5|510b8823-3b1a-11e9-a21b-88d7f6d608b5
000000014|Кирпич|1|1|b80b1757-3ffb-11e8-a200-88d7f6d608b5|b80b174c-3ffb-11e8-a200-88d7f6d608b5
000000016|Кольца колодезные|1|1|b80b1759-3ffb-11e8-a200-88d7f6d608b5|b80b174c-3ffb-11e8-a200-88d7f6d608b5
000000018|Ленты специальные|1|1|b80b175b-3ffb-11e8-a200-88d7f6d608b5|b80b174c-3ffb-11e8-a200-88d7f6d608b5
000000020|Пескоцементные блоки|2|1|b80b175d-3ffb-11e8-a200-88d7f6d608b5|510b8823-3b1a-11e9-a21b-88d7f6d608b5
000000022|Сыпучие материалы|1|1|b80b175f-3ffb-11e8-a200-88d7f6d608b5|b80b174c-3ffb-11e8-a200-88d7f6d608b5
000000024|Тротуарная плитка|1|1|b80b1761-3ffb-11e8-a200-88d7f6d608b5|b80b174c-3ffb-11e8-a200-88d7f6d608b5
000000026|Ворота Металлические|1|0|b80b1763-3ffb-11e8-a200-88d7f6d608b5|b80b174b-3ffb-11e8-a200-88d7f6d608b5
000000027|Ворота|2|1|b80b1764-3ffb-11e8-a200-88d7f6d608b5|b80b1763-3ffb-11e8-a200-88d7f6d608b5
000000029|Заборные секции|2|1|b80b1766-3ffb-11e8-a200-88d7f6d608b5|b80b1763-3ffb-11e8-a200-88d7f6d608b5
000000031|Заглушка ПВХ|2|1|b80b1768-3ffb-11e8-a200-88d7f6d608b5|b80b1763-3ffb-11e8-a200-88d7f6d608b5
000000033|Каркасы ворот и калиток|2|1|b80b176a-3ffb-11e8-a200-88d7f6d608b5|b80b1763-3ffb-11e8-a200-88d7f6d608b5
000000035|Панели заборные металлические|2|1|b80b176c-3ffb-11e8-a200-88d7f6d608b5|b80b1763-3ffb-11e8-a200-88d7f6d608b5
000000037|Столбы заборные|2|1|b80b176e-3ffb-11e8-a200-88d7f6d608b5|b80b1763-3ffb-11e8-a200-88d7f6d608b5
000000039|Гипсовые изделия|1|0|b80b1770-3ffb-11e8-a200-88d7f6d608b5|b80b174b-3ffb-11e8-a200-88d7f6d608b5
000000040|Гипсоволокно|2|1|b80b1771-3ffb-11e8-a200-88d7f6d608b5|b80b1770-3ffb-11e8-a200-88d7f6d608b5
000000042|Гипсокартон|2|1|b80b1773-3ffb-11e8-a200-88d7f6d608b5|b80b1770-3ffb-11e8-a200-88d7f6d608b5
000000044|Плита пазогребневая|2|1|b80b1775-3ffb-11e8-a200-88d7f6d608b5|b80b1770-3ffb-11e8-a200-88d7f6d608b5
000000046|Профиль для Гипсокартона|2|1|b80b1777-3ffb-11e8-a200-88d7f6d608b5|b80b1770-3ffb-11e8-a200-88d7f6d608b5
000000048|Элемент пола|2|1|b80b1779-3ffb-11e8-a200-88d7f6d608b5|b80b1770-3ffb-11e8-a200-88d7f6d608b5
000000050|Кровельные материалы|1|0|b80b177b-3ffb-11e8-a200-88d7f6d608b5|bf9cc57c-3ffb-11e8-a200-88d7f6d608b5
000000051|Битумно-направляемы материалы|2|1|b80b177c-3ffb-11e8-a200-88d7f6d608b5|b80b177b-3ffb-11e8-a200-88d7f6d608b5
000000053|Водосточная система|2|1|b80b177e-3ffb-11e8-a200-88d7f6d608b5|b80b177b-3ffb-11e8-a200-88d7f6d608b5
000000055|Гидропароизоляция|2|1|b80b1780-3ffb-11e8-a200-88d7f6d608b5|b80b177b-3ffb-11e8-a200-88d7f6d608b5
000000057|Гофролист|2|1|b80b1782-3ffb-11e8-a200-88d7f6d608b5|b80b177b-3ffb-11e8-a200-88d7f6d608b5
000000059|Дренажная система|2|1|b80b1784-3ffb-11e8-a200-88d7f6d608b5|b80b177b-3ffb-11e8-a200-88d7f6d608b5
000000061|Козырьки|2|1|b80b1786-3ffb-11e8-a200-88d7f6d608b5|b80b177b-3ffb-11e8-a200-88d7f6d608b5
000000063|Кровельная вентиляция и выходы|2|1|b80b1788-3ffb-11e8-a200-88d7f6d608b5|b80b177b-3ffb-11e8-a200-88d7f6d608b5
000000065|Металлочерепица|2|1|b80b178a-3ffb-11e8-a200-88d7f6d608b5|b80b177b-3ffb-11e8-a200-88d7f6d608b5
000000067|Мягкая кровля|2|1|b80b178c-3ffb-11e8-a200-88d7f6d608b5|b80b177b-3ffb-11e8-a200-88d7f6d608b5
000000069|Ондулин|2|1|b80b178e-3ffb-11e8-a200-88d7f6d608b5|b80b177b-3ffb-11e8-a200-88d7f6d608b5
000000071|Отделочные элементы|2|1|b80b1790-3ffb-11e8-a200-88d7f6d608b5|b80b177b-3ffb-11e8-a200-88d7f6d608b5
000000073|Плоский лист|2|1|b80b1792-3ffb-11e8-a200-88d7f6d608b5|b80b177b-3ffb-11e8-a200-88d7f6d608b5
000000075|Поликарбонат|2|1|b80b1794-3ffb-11e8-a200-88d7f6d608b5|b80b177b-3ffb-11e8-a200-88d7f6d608b5
000000077|Профнастил|2|1|b80b1796-3ffb-11e8-a200-88d7f6d608b5|b80b177b-3ffb-11e8-a200-88d7f6d608b5
000000079|Шифер|2|1|b80b1798-3ffb-11e8-a200-88d7f6d608b5|b80b177b-3ffb-11e8-a200-88d7f6d608b5
000000081|Штакетник Металлический|2|1|b80b179a-3ffb-11e8-a200-88d7f6d608b5|b80b177b-3ffb-11e8-a200-88d7f6d608b5
000000083|Металлопрокат|1|0|b80b179c-3ffb-11e8-a200-88d7f6d608b5|b80b174b-3ffb-11e8-a200-88d7f6d608b5
000000084|Арматура|2|1|b80b179d-3ffb-11e8-a200-88d7f6d608b5|b80b179c-3ffb-11e8-a200-88d7f6d608b5
000000086|Балка двутавровая|2|1|b80b179f-3ffb-11e8-a200-88d7f6d608b5|b80b179c-3ffb-11e8-a200-88d7f6d608b5
000000088|Катанка|2|1|b80b17a1-3ffb-11e8-a200-88d7f6d608b5|b80b179c-3ffb-11e8-a200-88d7f6d608b5
000000090|Квадрат|2|1|b80b17a3-3ffb-11e8-a200-88d7f6d608b5|b80b179c-3ffb-11e8-a200-88d7f6d608b5
000000092|Круг|2|1|b80b17a5-3ffb-11e8-a200-88d7f6d608b5|b80b179c-3ffb-11e8-a200-88d7f6d608b5
000000094|Лист|2|1|b80b17a7-3ffb-11e8-a200-88d7f6d608b5|b80b179c-3ffb-11e8-a200-88d7f6d608b5
000000096|Полоса|2|1|b80b17a9-3ffb-11e8-a200-88d7f6d608b5|b80b179c-3ffb-11e8-a200-88d7f6d608b5
000000098|Проволока вязальная|2|1|b80b17ab-3ffb-11e8-a200-88d7f6d608b5|b80b179c-3ffb-11e8-a200-88d7f6d608b5
000000100|Труба|2|1|b80b17ad-3ffb-11e8-a200-88d7f6d608b5|b80b179c-3ffb-11e8-a200-88d7f6d608b5
000000102|Уголок|2|1|b80b17af-3ffb-11e8-a200-88d7f6d608b5|b80b179c-3ffb-11e8-a200-88d7f6d608b5
000000104|Швеллер|2|1|b80b17b1-3ffb-11e8-a200-88d7f6d608b5|b80b179c-3ffb-11e8-a200-88d7f6d608b5
000000106|Утеплитель|1|0|b80b17b3-3ffb-11e8-a200-88d7f6d608b5|b80b174b-3ffb-11e8-a200-88d7f6d608b5
000000107|Утеплитель джутовый, льняной|2|1|b80b17b4-3ffb-11e8-a200-88d7f6d608b5|b80b17b3-3ffb-11e8-a200-88d7f6d608b5
000000109|Пенопласт|2|1|b80b17b6-3ffb-11e8-a200-88d7f6d608b5|b80b17b3-3ffb-11e8-a200-88d7f6d608b5
000000111|Утеплитель в матах|2|1|b80b17b8-3ffb-11e8-a200-88d7f6d608b5|b80b17b3-3ffb-11e8-a200-88d7f6d608b5
000000113|Утеплитель в рулонах|2|1|b80b17ba-3ffb-11e8-a200-88d7f6d608b5|b80b17b3-3ffb-11e8-a200-88d7f6d608b5
000000115|Утеплитель напыляемый|2|1|b80b17bc-3ffb-11e8-a200-88d7f6d608b5|b80b17b3-3ffb-11e8-a200-88d7f6d608b5
000000117|Утеплитель фольгированный|2|1|b80b17be-3ffb-11e8-a200-88d7f6d608b5|b80b17b3-3ffb-11e8-a200-88d7f6d608b5
000000119|Экструдированный|2|1|b80b17c0-3ffb-11e8-a200-88d7f6d608b5|b80b17b3-3ffb-11e8-a200-88d7f6d608b5
000000121|Сайдинг и фасадные панели|1|0|b80b17c2-3ffb-11e8-a200-88d7f6d608b5|bf9cc57c-3ffb-11e8-a200-88d7f6d608b5
000000122|Сайдинг виниловй|2|1|b80b17c3-3ffb-11e8-a200-88d7f6d608b5|b80b17c2-3ffb-11e8-a200-88d7f6d608b5
000000124|Фасадные панели|2|1|b80b17c5-3ffb-11e8-a200-88d7f6d608b5|b80b17c2-3ffb-11e8-a200-88d7f6d608b5
000000126|Сетка|1|0|b80b17c7-3ffb-11e8-a200-88d7f6d608b5|b80b174b-3ffb-11e8-a200-88d7f6d608b5
000000127|Проволока колючая|2|1|b80b17c8-3ffb-11e8-a200-88d7f6d608b5|b80b17c7-3ffb-11e8-a200-88d7f6d608b5
000000129|Сетка сварная в картах|2|1|b80b17ca-3ffb-11e8-a200-88d7f6d608b5|b80b17c7-3ffb-11e8-a200-88d7f6d608b5
000000131|Сетка сварная в рулонах|2|1|b80b17cc-3ffb-11e8-a200-88d7f6d608b5|b80b17c7-3ffb-11e8-a200-88d7f6d608b5
000000133|Сетка штукатурная|2|1|b80b17ce-3ffb-11e8-a200-88d7f6d608b5|b80b17c7-3ffb-11e8-a200-88d7f6d608b5
000000135|Сетка-рабица|2|1|b80b17d0-3ffb-11e8-a200-88d7f6d608b5|b80b17c7-3ffb-11e8-a200-88d7f6d608b5
000000137|Сухие строительные смеси, гидроизоляция|1|0|b80b17d2-3ffb-11e8-a200-88d7f6d608b5|b80b174b-3ffb-11e8-a200-88d7f6d608b5
000000138|Алебастр, Гипс, побелка|2|1|b80b17d3-3ffb-11e8-a200-88d7f6d608b5|b80b17d2-3ffb-11e8-a200-88d7f6d608b5
000000140|Антигололед|2|1|b80b17d5-3ffb-11e8-a200-88d7f6d608b5|b80b17d2-3ffb-11e8-a200-88d7f6d608b5
000000142|Гидроизоляция сухая|2|1|b80b17d7-3ffb-11e8-a200-88d7f6d608b5|b80b17d2-3ffb-11e8-a200-88d7f6d608b5
000000144|Затирка|2|1|b80b17d9-3ffb-11e8-a200-88d7f6d608b5|b80b17d2-3ffb-11e8-a200-88d7f6d608b5
000000146|Клей|2|1|b80b17db-3ffb-11e8-a200-88d7f6d608b5|b80b17d2-3ffb-11e8-a200-88d7f6d608b5
000000148|Наливной пол|2|1|b80b17dd-3ffb-11e8-a200-88d7f6d608b5|b80b17d2-3ffb-11e8-a200-88d7f6d608b5
000000150|Печные смеси|2|1|b80b17df-3ffb-11e8-a200-88d7f6d608b5|b80b17d2-3ffb-11e8-a200-88d7f6d608b5
000000152|Цементные смеси|2|1|b80b17e1-3ffb-11e8-a200-88d7f6d608b5|b80b17d2-3ffb-11e8-a200-88d7f6d608b5
000000154|Шпатлевка|2|1|b80b17e3-3ffb-11e8-a200-88d7f6d608b5|b80b17d2-3ffb-11e8-a200-88d7f6d608b5
000000156|Штукатурка|2|1|b80b17e5-3ffb-11e8-a200-88d7f6d608b5|b80b17d2-3ffb-11e8-a200-88d7f6d608b5
000000158|Пиломатериалы|0|0|b80b17e7-3ffb-11e8-a200-88d7f6d608b5|
000000159|Блок-хаус|1|1|b80b17e8-3ffb-11e8-a200-88d7f6d608b5|b80b17e7-3ffb-11e8-a200-88d7f6d608b5
000000161|Брусок|1|0|b80b17ea-3ffb-11e8-a200-88d7f6d608b5|b80b17e7-3ffb-11e8-a200-88d7f6d608b5
000000162|Брусок обрезной|2|1|b80b17eb-3ffb-11e8-a200-88d7f6d608b5|b80b17ef-3ffb-11e8-a200-88d7f6d608b5
000000164|Брусок, доска строганные|2|1|b80b17ed-3ffb-11e8-a200-88d7f6d608b5|b80b17ea-3ffb-11e8-a200-88d7f6d608b5
000000166|Пиломатериалы естественной влажности|1|0|b80b17ef-3ffb-11e8-a200-88d7f6d608b5|b80b17e7-3ffb-11e8-a200-88d7f6d608b5
000000167|Брус обрезной|2|1|b80b17f0-3ffb-11e8-a200-88d7f6d608b5|b80b17ef-3ffb-11e8-a200-88d7f6d608b5
000000169|Доска обрезная|2|1|b80b17f2-3ffb-11e8-a200-88d7f6d608b5|b80b17ef-3ffb-11e8-a200-88d7f6d608b5
000000171|Вагонка|1|0|b80b17f4-3ffb-11e8-a200-88d7f6d608b5|b80b17e7-3ffb-11e8-a200-88d7f6d608b5
000000172|Вагонка Колхозница, Штиль|2|1|b80b17f5-3ffb-11e8-a200-88d7f6d608b5|b80b17f4-3ffb-11e8-a200-88d7f6d608b5
000000174|Евровагонка|2|1|b80b17f7-3ffb-11e8-a200-88d7f6d608b5|b80b17f4-3ffb-11e8-a200-88d7f6d608b5
000000176|Имитация бруса|1|1|b80b17f9-3ffb-11e8-a200-88d7f6d608b5|b80b17e7-3ffb-11e8-a200-88d7f6d608b5
000000178|Половая доска|1|1|b80b17fb-3ffb-11e8-a200-88d7f6d608b5|b80b17e7-3ffb-11e8-a200-88d7f6d608b5
000000180|Терасная доска|1|0|b80b17fd-3ffb-11e8-a200-88d7f6d608b5|b80b17e7-3ffb-11e8-a200-88d7f6d608b5
000000181|Терасная доска листвинница|2|1|b80b17fe-3ffb-11e8-a200-88d7f6d608b5|b80b17fd-3ffb-11e8-a200-88d7f6d608b5
000000183|Терасная доска полимерно-композитная|2|1|b80b1800-3ffb-11e8-a200-88d7f6d608b5|b80b17fd-3ffb-11e8-a200-88d7f6d608b5
000000185|Планкен|1|1|b80b1802-3ffb-11e8-a200-88d7f6d608b5|b80b17e7-3ffb-11e8-a200-88d7f6d608b5
000000187|Погонаж|2|1|b80b1804-3ffb-11e8-a200-88d7f6d608b5|bf9cc5ed-3ffb-11e8-a200-88d7f6d608b5
000000189|Полог|1|1|b80b1806-3ffb-11e8-a200-88d7f6d608b5|b80b17e7-3ffb-11e8-a200-88d7f6d608b5
000000191|Столярные изделия|1|0|b80b1808-3ffb-11e8-a200-88d7f6d608b5|b80b17e7-3ffb-11e8-a200-88d7f6d608b5
000000192|Нагеля, колышки для растений|2|1|b80b1809-3ffb-11e8-a200-88d7f6d608b5|b80b1808-3ffb-11e8-a200-88d7f6d608b5
000000194|Штакетник деревянный|2|1|b80b180b-3ffb-11e8-a200-88d7f6d608b5|b80b1808-3ffb-11e8-a200-88d7f6d608b5
000000196|Дверцы жалюзийные|2|1|b80b180d-3ffb-11e8-a200-88d7f6d608b5|b80b1808-3ffb-11e8-a200-88d7f6d608b5
000000198|Доска подоконная|2|1|b80b180f-3ffb-11e8-a200-88d7f6d608b5|b80b1808-3ffb-11e8-a200-88d7f6d608b5
000000200|Лесницы межэтажные|2|1|b80b1811-3ffb-11e8-a200-88d7f6d608b5|b80b1808-3ffb-11e8-a200-88d7f6d608b5
000000202|Лесницы чердачные|2|1|b80b1813-3ffb-11e8-a200-88d7f6d608b5|b80b1808-3ffb-11e8-a200-88d7f6d608b5
000000204|Столешницы|2|1|b80b1815-3ffb-11e8-a200-88d7f6d608b5|b80b1808-3ffb-11e8-a200-88d7f6d608b5
000000206|Фасады мебельные|2|1|b80b1817-3ffb-11e8-a200-88d7f6d608b5|b80b1808-3ffb-11e8-a200-88d7f6d608b5
000000208|Щит мебельный|2|1|b80b1819-3ffb-11e8-a200-88d7f6d608b5|b80b1808-3ffb-11e8-a200-88d7f6d608b5
000000210|Элементы Лестниц|2|1|b80b181b-3ffb-11e8-a200-88d7f6d608b5|b80b1808-3ffb-11e8-a200-88d7f6d608b5
000000212|Древесно-плитные материалы|1|0|b80b181d-3ffb-11e8-a200-88d7f6d608b5|b80b17e7-3ffb-11e8-a200-88d7f6d608b5
000000213|OSB (ОСП ОРИНТИРОВАННО - СТРУЖЕЧНАЯ ПЛИТА)|2|1|b80b181e-3ffb-11e8-a200-88d7f6d608b5|b80b181d-3ffb-11e8-a200-88d7f6d608b5
000000215|ДСП|2|1|b80b1820-3ffb-11e8-a200-88d7f6d608b5|b80b181d-3ffb-11e8-a200-88d7f6d608b5
000000217|ЦСП|2|1|b80b1822-3ffb-11e8-a200-88d7f6d608b5|b80b181d-3ffb-11e8-a200-88d7f6d608b5
000000219|Оргалит|2|1|b80b1824-3ffb-11e8-a200-88d7f6d608b5|b80b181d-3ffb-11e8-a200-88d7f6d608b5
000000221|Фанера|2|1|b80b1826-3ffb-11e8-a200-88d7f6d608b5|b80b181d-3ffb-11e8-a200-88d7f6d608b5
000000223|Лакокрасочные материалы|0|0|b80b1828-3ffb-11e8-a200-88d7f6d608b5|
000000224|Антисептики|1|1|b80b1829-3ffb-11e8-a200-88d7f6d608b5|b80b1828-3ffb-11e8-a200-88d7f6d608b5
000000226|Герметики|1|1|b80b182b-3ffb-11e8-a200-88d7f6d608b5|b80b1828-3ffb-11e8-a200-88d7f6d608b5
000000228|Грунтовка|1|1|b80b182d-3ffb-11e8-a200-88d7f6d608b5|b80b1828-3ffb-11e8-a200-88d7f6d608b5
000000230|Добавки в бетон|1|1|b80b182f-3ffb-11e8-a200-88d7f6d608b5|b80b1828-3ffb-11e8-a200-88d7f6d608b5
000000232|Защитно-текстурные покрытия|1|1|b80b1831-3ffb-11e8-a200-88d7f6d608b5|b80b1828-3ffb-11e8-a200-88d7f6d608b5
000000234|Клея|1|1|b80b1833-3ffb-11e8-a200-88d7f6d608b5|b80b1828-3ffb-11e8-a200-88d7f6d608b5
000000236|Колера|1|1|b80b1835-3ffb-11e8-a200-88d7f6d608b5|b80b1828-3ffb-11e8-a200-88d7f6d608b5
000000238|Колорант|1|1|b80b1837-3ffb-11e8-a200-88d7f6d608b5|b80b1828-3ffb-11e8-a200-88d7f6d608b5
000000240|Краски-эмали|1|1|b80b1839-3ffb-11e8-a200-88d7f6d608b5|b80b1828-3ffb-11e8-a200-88d7f6d608b5
000000242|Лаки|1|1|b80b183b-3ffb-11e8-a200-88d7f6d608b5|b80b1828-3ffb-11e8-a200-88d7f6d608b5
000000244|Мастики|1|1|b80b183d-3ffb-11e8-a200-88d7f6d608b5|b80b1828-3ffb-11e8-a200-88d7f6d608b5
000000246|Монтажная пена|1|1|b80b183f-3ffb-11e8-a200-88d7f6d608b5|b80b1828-3ffb-11e8-a200-88d7f6d608b5
000000248|Морилка|1|1|b80b1841-3ffb-11e8-a200-88d7f6d608b5|b80b1828-3ffb-11e8-a200-88d7f6d608b5
000000250|Олифа|1|1|b80b1843-3ffb-11e8-a200-88d7f6d608b5|b80b1828-3ffb-11e8-a200-88d7f6d608b5
000000252|Растворители, жидкости специальные|1|1|b80b1845-3ffb-11e8-a200-88d7f6d608b5|b80b1828-3ffb-11e8-a200-88d7f6d608b5
000000254|Шпатлевки|1|1|b80b1847-3ffb-11e8-a200-88d7f6d608b5|b80b1828-3ffb-11e8-a200-88d7f6d608b5
000000256|Инструменты, Средства защиты|0|0|b80b1849-3ffb-11e8-a200-88d7f6d608b5|
000000257|Газовое и сварочное оборудование|1|0|bf9cc569-3ffb-11e8-a200-88d7f6d608b5|b80b1849-3ffb-11e8-a200-88d7f6d608b5
000000258|Вентиль/шланги|2|1|bf9cc56a-3ffb-11e8-a200-88d7f6d608b5|1e51c8b1-30df-11e9-a21b-88d7f6d608b5
000000260|Газовые водонагреватели|1|1|bf9cc56c-3ffb-11e8-a200-88d7f6d608b5|bf9cc5be-3ffb-11e8-a200-88d7f6d608b5
000000262|Газовые горелки, резаки|2|1|bf9cc56e-3ffb-11e8-a200-88d7f6d608b5|bf9cc569-3ffb-11e8-a200-88d7f6d608b5
000000264|Газовые счетчики|2|1|bf9cc570-3ffb-11e8-a200-88d7f6d608b5|1e51c8b1-30df-11e9-a21b-88d7f6d608b5
000000266|Газовые баллоны|2|1|bf9cc572-3ffb-11e8-a200-88d7f6d608b5|bf9cc569-3ffb-11e8-a200-88d7f6d608b5
000000268|Аксессуары для сварочного оборудования|2|1|bf9cc574-3ffb-11e8-a200-88d7f6d608b5|bf9cc569-3ffb-11e8-a200-88d7f6d608b5
000000270|Подводка для газа|2|1|bf9cc576-3ffb-11e8-a200-88d7f6d608b5|1e51c8b1-30df-11e9-a21b-88d7f6d608b5
000000272|Редукторы|2|1|bf9cc578-3ffb-11e8-a200-88d7f6d608b5|bf9cc569-3ffb-11e8-a200-88d7f6d608b5
000000274|Шкафы для газовых баллонов|2|1|bf9cc57a-3ffb-11e8-a200-88d7f6d608b5|bf9cc569-3ffb-11e8-a200-88d7f6d608b5
000000276|Кровля, сайдинг, водосточная система|0|0|bf9cc57c-3ffb-11e8-a200-88d7f6d608b5|
000000277|Запчасти для инструмента|1|0|bf9cc57d-3ffb-11e8-a200-88d7f6d608b5|b80b1849-3ffb-11e8-a200-88d7f6d608b5
000000279|Лестницы, стремянки, строй леса|2|1|bf9cc57f-3ffb-11e8-a200-88d7f6d608b5|1e51c89e-30df-11e9-a21b-88d7f6d608b5
000000281|Пневмоинструмент|1|0|bf9cc581-3ffb-11e8-a200-88d7f6d608b5|b80b1849-3ffb-11e8-a200-88d7f6d608b5
000000283|Расходные материалы для инструмента|1|0|bf9cc583-3ffb-11e8-a200-88d7f6d608b5|b80b1849-3ffb-11e8-a200-88d7f6d608b5
000000285|Садовый инструмент|1|0|bf9cc585-3ffb-11e8-a200-88d7f6d608b5|b80b1849-3ffb-11e8-a200-88d7f6d608b5
000000287|Снегоуборочный инструмент|1|0|bf9cc587-3ffb-11e8-a200-88d7f6d608b5|b80b1849-3ffb-11e8-a200-88d7f6d608b5
000000289|Такелажный инструмент|1|1|bf9cc589-3ffb-11e8-a200-88d7f6d608b5|b80b1849-3ffb-11e8-a200-88d7f6d608b5
000000291|Электроинструмент|1|0|bf9cc58b-3ffb-11e8-a200-88d7f6d608b5|b80b1849-3ffb-11e8-a200-88d7f6d608b5
000000293|Силовая и строительная техника|1|0|bf9cc58d-3ffb-11e8-a200-88d7f6d608b5|b80b1849-3ffb-11e8-a200-88d7f6d608b5
000000294|Бетоносмесители|2|1|bf9cc58e-3ffb-11e8-a200-88d7f6d608b5|bf9cc58d-3ffb-11e8-a200-88d7f6d608b5
000000296|Генераторы|2|1|bf9cc590-3ffb-11e8-a200-88d7f6d608b5|bf9cc58d-3ffb-11e8-a200-88d7f6d608b5
000000298|Компрессоры|2|1|bf9cc592-3ffb-11e8-a200-88d7f6d608b5|bf9cc581-3ffb-11e8-a200-88d7f6d608b5
000000300|Мойки электрические|2|1|bf9cc594-3ffb-11e8-a200-88d7f6d608b5|bf9cc58b-3ffb-11e8-a200-88d7f6d608b5
000000302|Мотопомпы|1|1|bf9cc596-3ffb-11e8-a200-88d7f6d608b5|bf9cc5be-3ffb-11e8-a200-88d7f6d608b5
000000304|Станки точильные|2|1|bf9cc598-3ffb-11e8-a200-88d7f6d608b5|bf9cc58b-3ffb-11e8-a200-88d7f6d608b5
000000306|Крепеж|0|0|bf9cc59a-3ffb-11e8-a200-88d7f6d608b5|
000000307|Анкерный крепеж|1|1|bf9cc59b-3ffb-11e8-a200-88d7f6d608b5|bf9cc59a-3ffb-11e8-a200-88d7f6d608b5
000000309|Гвозди|1|1|bf9cc59d-3ffb-11e8-a200-88d7f6d608b5|bf9cc59a-3ffb-11e8-a200-88d7f6d608b5
000000311|Дюбельный крепеж|1|1|bf9cc59f-3ffb-11e8-a200-88d7f6d608b5|bf9cc59a-3ffb-11e8-a200-88d7f6d608b5
000000313|Кляймер|1|1|bf9cc5a1-3ffb-11e8-a200-88d7f6d608b5|bf9cc59a-3ffb-11e8-a200-88d7f6d608b5
000000315|Общий крепеж|1|1|bf9cc5a3-3ffb-11e8-a200-88d7f6d608b5|bf9cc59a-3ffb-11e8-a200-88d7f6d608b5
000000317|Перфорированный крепеж|1|1|bf9cc5a5-3ffb-11e8-a200-88d7f6d608b5|bf9cc59a-3ffb-11e8-a200-88d7f6d608b5
000000319|Саморезы, шурупы|1|1|bf9cc5a7-3ffb-11e8-a200-88d7f6d608b5|bf9cc59a-3ffb-11e8-a200-88d7f6d608b5
000000321|Фиксаторы арматуры|1|1|bf9cc5a9-3ffb-11e8-a200-88d7f6d608b5|bf9cc59a-3ffb-11e8-a200-88d7f6d608b5
000000323|Хомуты|1|1|bf9cc5ab-3ffb-11e8-a200-88d7f6d608b5|bf9cc59a-3ffb-11e8-a200-88d7f6d608b5
000000325|Электрика|0|0|bf9cc5ad-3ffb-11e8-a200-88d7f6d608b5|
000000326|TV/интернет/телефония|1|0|bf9cc5ae-3ffb-11e8-a200-88d7f6d608b5|bf9cc5ad-3ffb-11e8-a200-88d7f6d608b5
000000328|Изделия для монтажа|1|0|bf9cc5b0-3ffb-11e8-a200-88d7f6d608b5|bf9cc5ad-3ffb-11e8-a200-88d7f6d608b5
000000330|Источники питания|1|0|bf9cc5b2-3ffb-11e8-a200-88d7f6d608b5|bf9cc5ad-3ffb-11e8-a200-88d7f6d608b5
000000332|Лампочки|1|0|bf9cc5b4-3ffb-11e8-a200-88d7f6d608b5|bf9cc5ad-3ffb-11e8-a200-88d7f6d608b5
000000334|Низковольтная аппаратура|1|0|bf9cc5b6-3ffb-11e8-a200-88d7f6d608b5|bf9cc5ad-3ffb-11e8-a200-88d7f6d608b5
000000336|Обогревательное оборудование|1|0|bf9cc5b8-3ffb-11e8-a200-88d7f6d608b5|bf9cc5ad-3ffb-11e8-a200-88d7f6d608b5
000000338|Стабилизаторы напряжения|1|1|bf9cc5ba-3ffb-11e8-a200-88d7f6d608b5|bf9cc5ad-3ffb-11e8-a200-88d7f6d608b5
000000340|Электроустановочные изделия|1|0|bf9cc5bc-3ffb-11e8-a200-88d7f6d608b5|bf9cc5ad-3ffb-11e8-a200-88d7f6d608b5
000000342|Сантехника, отопление|0|0|bf9cc5be-3ffb-11e8-a200-88d7f6d608b5|
000000343|Ванны|1|1|bf9cc5bf-3ffb-11e8-a200-88d7f6d608b5|bf9cc5be-3ffb-11e8-a200-88d7f6d608b5
000000345|Аксессуары для ванных комнат|1|1|bf9cc5c1-3ffb-11e8-a200-88d7f6d608b5|bf9cc5be-3ffb-11e8-a200-88d7f6d608b5
000000347|Вентили, клапаны, краны, регуляторы|1|1|bf9cc5c3-3ffb-11e8-a200-88d7f6d608b5|bf9cc5be-3ffb-11e8-a200-88d7f6d608b5
000000349|Водонагреватели|1|1|bf9cc5c5-3ffb-11e8-a200-88d7f6d608b5|bf9cc5be-3ffb-11e8-a200-88d7f6d608b5
000000351|Гибкая подводка для воды|1|1|bf9cc5c7-3ffb-11e8-a200-88d7f6d608b5|bf9cc5be-3ffb-11e8-a200-88d7f6d608b5
000000353|Душевые кабины|1|1|bf9cc5c9-3ffb-11e8-a200-88d7f6d608b5|bf9cc5be-3ffb-11e8-a200-88d7f6d608b5
000000355|Мебель для ванных комнат|1|1|bf9cc5cb-3ffb-11e8-a200-88d7f6d608b5|bf9cc5be-3ffb-11e8-a200-88d7f6d608b5
000000357|Мойки|1|1|bf9cc5cd-3ffb-11e8-a200-88d7f6d608b5|bf9cc5be-3ffb-11e8-a200-88d7f6d608b5
000000359|Система водоснабжения и отопления|1|1|bf9cc5cf-3ffb-11e8-a200-88d7f6d608b5|bf9cc5be-3ffb-11e8-a200-88d7f6d608b5
000000361|Насосное оборудование|1|1|bf9cc5d1-3ffb-11e8-a200-88d7f6d608b5|bf9cc5be-3ffb-11e8-a200-88d7f6d608b5
000000363|Резинотехнические изделия|1|1|bf9cc5d3-3ffb-11e8-a200-88d7f6d608b5|bf9cc5be-3ffb-11e8-a200-88d7f6d608b5
000000365|Сантехническая арматура и комплектующие|1|1|bf9cc5d5-3ffb-11e8-a200-88d7f6d608b5|bf9cc5be-3ffb-11e8-a200-88d7f6d608b5
000000367|Санфаянс|1|1|bf9cc5d7-3ffb-11e8-a200-88d7f6d608b5|bf9cc5be-3ffb-11e8-a200-88d7f6d608b5
000000369|Система канализации|1|1|bf9cc5d9-3ffb-11e8-a200-88d7f6d608b5|bf9cc5be-3ffb-11e8-a200-88d7f6d608b5
000000371|Системы вентиляции и вытяжки|1|1|bf9cc5db-3ffb-11e8-a200-88d7f6d608b5|bf9cc5be-3ffb-11e8-a200-88d7f6d608b5
000000373|Смесители|1|1|bf9cc5dd-3ffb-11e8-a200-88d7f6d608b5|bf9cc5be-3ffb-11e8-a200-88d7f6d608b5
000000375|Фильтры|1|1|bf9cc5df-3ffb-11e8-a200-88d7f6d608b5|bf9cc5be-3ffb-11e8-a200-88d7f6d608b5
000000377|Фитинги|1|1|bf9cc5e1-3ffb-11e8-a200-88d7f6d608b5|bf9cc5be-3ffb-11e8-a200-88d7f6d608b5
000000379|Утеплитель трубный|1|1|bf9cc5e3-3ffb-11e8-a200-88d7f6d608b5|bf9cc5be-3ffb-11e8-a200-88d7f6d608b5
000000381|Двери, Арки, Окна, Скобяные изделия|0|0|bf9cc5e5-3ffb-11e8-a200-88d7f6d608b5|
000000382|Арки|1|0|bf9cc5e6-3ffb-11e8-a200-88d7f6d608b5|bf9cc5e5-3ffb-11e8-a200-88d7f6d608b5
000000383|Арки ламинированные и ПВХ|2|1|bf9cc5e7-3ffb-11e8-a200-88d7f6d608b5|bf9cc5e6-3ffb-11e8-a200-88d7f6d608b5
000000385|Арки МДФ под покраску|2|1|bf9cc5e9-3ffb-11e8-a200-88d7f6d608b5|bf9cc5e6-3ffb-11e8-a200-88d7f6d608b5
000000387|Арки шпонированные|2|1|bf9cc5eb-3ffb-11e8-a200-88d7f6d608b5|bf9cc5e6-3ffb-11e8-a200-88d7f6d608b5
000000389|Двери|1|0|bf9cc5ed-3ffb-11e8-a200-88d7f6d608b5|bf9cc5e5-3ffb-11e8-a200-88d7f6d608b5
000000390|Двери межкомнатные|2|1|bf9cc5ee-3ffb-11e8-a200-88d7f6d608b5|bf9cc5ed-3ffb-11e8-a200-88d7f6d608b5
000000392|Двери металлические|2|1|bf9cc5f0-3ffb-11e8-a200-88d7f6d608b5|bf9cc5ed-3ffb-11e8-a200-88d7f6d608b5
000000394|Двери для Бани|2|1|bf9cc5f2-3ffb-11e8-a200-88d7f6d608b5|bf9cc5ed-3ffb-11e8-a200-88d7f6d608b5
000000396|Замочно-скобяные изделия|1|0|bf9cc5f4-3ffb-11e8-a200-88d7f6d608b5|bf9cc5e5-3ffb-11e8-a200-88d7f6d608b5
000000397|Доводчики, пружины|2|1|bf9cc5f5-3ffb-11e8-a200-88d7f6d608b5|bf9cc5f4-3ffb-11e8-a200-88d7f6d608b5
000000399|Замки врезные|2|1|bf9cc5f7-3ffb-11e8-a200-88d7f6d608b5|bf9cc5f4-3ffb-11e8-a200-88d7f6d608b5
000000401|Замки навесные|2|1|bf9cc5f9-3ffb-11e8-a200-88d7f6d608b5|bf9cc5f4-3ffb-11e8-a200-88d7f6d608b5
000000403|Замки накладные|2|1|bf9cc5fb-3ffb-11e8-a200-88d7f6d608b5|bf9cc5f4-3ffb-11e8-a200-88d7f6d608b5
000000405|Защелки межкомнатные|2|1|bf9cc5fd-3ffb-11e8-a200-88d7f6d608b5|bf9cc5f4-3ffb-11e8-a200-88d7f6d608b5
000000407|Комлектующие к замкам|2|1|bf9cc5ff-3ffb-11e8-a200-88d7f6d608b5|bf9cc5f4-3ffb-11e8-a200-88d7f6d608b5
000000409|Мебельная фурнитура|2|1|bf9cc601-3ffb-11e8-a200-88d7f6d608b5|bf9cc5f4-3ffb-11e8-a200-88d7f6d608b5
000000411|Петли|2|1|bf9cc603-3ffb-11e8-a200-88d7f6d608b5|bf9cc5f4-3ffb-11e8-a200-88d7f6d608b5
000000413|Почтовые замки|2|1|bf9cc605-3ffb-11e8-a200-88d7f6d608b5|bf9cc5f4-3ffb-11e8-a200-88d7f6d608b5
000000415|Ручки|2|1|bf9cc607-3ffb-11e8-a200-88d7f6d608b5|bf9cc5f4-3ffb-11e8-a200-88d7f6d608b5
000000417|Цилиндровые механизмы|2|1|bf9cc609-3ffb-11e8-a200-88d7f6d608b5|bf9cc5f4-3ffb-11e8-a200-88d7f6d608b5
000000419|Шпингалеты, задвижки, засовы|2|1|bf9cc60b-3ffb-11e8-a200-88d7f6d608b5|bf9cc5f4-3ffb-11e8-a200-88d7f6d608b5
000000421|Окна|1|0|bf9cc60d-3ffb-11e8-a200-88d7f6d608b5|bf9cc5e5-3ffb-11e8-a200-88d7f6d608b5
000000422|Окна деревянные|2|1|bf9cc60e-3ffb-11e8-a200-88d7f6d608b5|bf9cc60d-3ffb-11e8-a200-88d7f6d608b5
000000424|Окна мансардные|2|1|bf9cc610-3ffb-11e8-a200-88d7f6d608b5|bf9cc60d-3ffb-11e8-a200-88d7f6d608b5
000000426|Окна пластиковые|2|1|bf9cc612-3ffb-11e8-a200-88d7f6d608b5|bf9cc60d-3ffb-11e8-a200-88d7f6d608b5
000000428|Отливы пластиковые|2|1|bf9cc614-3ffb-11e8-a200-88d7f6d608b5|bf9cc60d-3ffb-11e8-a200-88d7f6d608b5
000000430|Подоконники пластиковые|2|1|bf9cc616-3ffb-11e8-a200-88d7f6d608b5|bf9cc60d-3ffb-11e8-a200-88d7f6d608b5
000000432|Решетки оконные|2|1|bf9cc618-3ffb-11e8-a200-88d7f6d608b5|bf9cc60d-3ffb-11e8-a200-88d7f6d608b5
000000434|Сендвич-панели|2|1|bf9cc61a-3ffb-11e8-a200-88d7f6d608b5|bf9cc60d-3ffb-11e8-a200-88d7f6d608b5
000000436|Штапики пластиковые|2|1|bf9cc61c-3ffb-11e8-a200-88d7f6d608b5|bf9cc60d-3ffb-11e8-a200-88d7f6d608b5
000000438|Карнизы/Шторы/тюль|2|1|bf9cc61e-3ffb-11e8-a200-88d7f6d608b5|bf9cc60d-3ffb-11e8-a200-88d7f6d608b5
000000440|Отделочные материалы, декор|0|0|bf9cc620-3ffb-11e8-a200-88d7f6d608b5|
000000441|Напольные покрытия|0|0|bf9cc621-3ffb-11e8-a200-88d7f6d608b5|
000000442|Арт-винил|1|1|bf9cc622-3ffb-11e8-a200-88d7f6d608b5|bf9cc621-3ffb-11e8-a200-88d7f6d608b5
000000444|Газон искуственный|1|1|bf9cc624-3ffb-11e8-a200-88d7f6d608b5|bf9cc621-3ffb-11e8-a200-88d7f6d608b5
000000446|Ковровое покрытие|1|1|bf9cc626-3ffb-11e8-a200-88d7f6d608b5|bf9cc621-3ffb-11e8-a200-88d7f6d608b5
000000448|Ламинат|1|1|bf9cc628-3ffb-11e8-a200-88d7f6d608b5|bf9cc621-3ffb-11e8-a200-88d7f6d608b5
000000450|Линолеум|1|1|bf9cc62a-3ffb-11e8-a200-88d7f6d608b5|bf9cc621-3ffb-11e8-a200-88d7f6d608b5
000000452|Обвод для труб ПВХ цветной|1|1|bf9cc62c-3ffb-11e8-a200-88d7f6d608b5|bf9cc621-3ffb-11e8-a200-88d7f6d608b5
000000454|Плинтус пластиковый|1|1|bf9cc62e-3ffb-11e8-a200-88d7f6d608b5|bf9cc621-3ffb-11e8-a200-88d7f6d608b5
000000456|Порожки|1|1|bf9cc630-3ffb-11e8-a200-88d7f6d608b5|bf9cc621-3ffb-11e8-a200-88d7f6d608b5
000000458|Потолок|1|0|bf9cc632-3ffb-11e8-a200-88d7f6d608b5|bf9cc620-3ffb-11e8-a200-88d7f6d608b5
000000459|Подвесной потолок|2|1|bf9cc633-3ffb-11e8-a200-88d7f6d608b5|bf9cc632-3ffb-11e8-a200-88d7f6d608b5
000000461|Плитка и плинтуса потолочные полистирол|2|1|bf9cc635-3ffb-11e8-a200-88d7f6d608b5|bf9cc632-3ffb-11e8-a200-88d7f6d608b5
000000463|Подвесная система|2|1|bf9cc637-3ffb-11e8-a200-88d7f6d608b5|bf9cc632-3ffb-11e8-a200-88d7f6d608b5
000000465|Потолок кассетный|2|1|bf9cc639-3ffb-11e8-a200-88d7f6d608b5|bf9cc632-3ffb-11e8-a200-88d7f6d608b5
000000467|Потолок реечный|2|1|bf9cc63b-3ffb-11e8-a200-88d7f6d608b5|bf9cc632-3ffb-11e8-a200-88d7f6d608b5
000000469|Природный камень|1|0|bf9cc63d-3ffb-11e8-a200-88d7f6d608b5|bf9cc64f-3ffb-11e8-a200-88d7f6d608b5
000000470|Булыжник|2|1|bf9cc63e-3ffb-11e8-a200-88d7f6d608b5|bf9cc63d-3ffb-11e8-a200-88d7f6d608b5
000000472|Валун|2|1|bf9cc640-3ffb-11e8-a200-88d7f6d608b5|bf9cc63d-3ffb-11e8-a200-88d7f6d608b5
000000474|Галька|2|1|bf9cc642-3ffb-11e8-a200-88d7f6d608b5|bf9cc63d-3ffb-11e8-a200-88d7f6d608b5
000000476|Колотый камень|2|1|bf9cc644-3ffb-11e8-a200-88d7f6d608b5|bf9cc63d-3ffb-11e8-a200-88d7f6d608b5
000000478|Крошка|2|1|bf9cc646-3ffb-11e8-a200-88d7f6d608b5|bf9cc63d-3ffb-11e8-a200-88d7f6d608b5
000000480|Песчаник|2|1|bf9cc648-3ffb-11e8-a200-88d7f6d608b5|bf9cc63d-3ffb-11e8-a200-88d7f6d608b5
000000482|Ступени|2|1|bf9cc64a-3ffb-11e8-a200-88d7f6d608b5|bf9cc63d-3ffb-11e8-a200-88d7f6d608b5
000000484|Искусственный камень|1|0|bf9cc64c-3ffb-11e8-a200-88d7f6d608b5|bf9cc64f-3ffb-11e8-a200-88d7f6d608b5
000000485|Casavaga|2|1|bf9cc64d-3ffb-11e8-a200-88d7f6d608b5|bf9cc64c-3ffb-11e8-a200-88d7f6d608b5
000000487|Плитка керамическая и декоративный камень|0|0|bf9cc64f-3ffb-11e8-a200-88d7f6d608b5|
000000489|Обои|1|0|bf9cc651-3ffb-11e8-a200-88d7f6d608b5|bf9cc620-3ffb-11e8-a200-88d7f6d608b5
000000490|Стеклообои|2|1|bf9cc652-3ffb-11e8-a200-88d7f6d608b5|bf9cc651-3ffb-11e8-a200-88d7f6d608b5
000000492|Стеклохолст|2|1|bf9cc654-3ffb-11e8-a200-88d7f6d608b5|bf9cc651-3ffb-11e8-a200-88d7f6d608b5
000000494|Плитка|1|0|bf9cc656-3ffb-11e8-a200-88d7f6d608b5|bf9cc64f-3ffb-11e8-a200-88d7f6d608b5
000000495|КЕРАМИЧЕСКАЯ ПЛИТКА|2|1|bf9cc657-3ffb-11e8-a200-88d7f6d608b5|bf9cc656-3ffb-11e8-a200-88d7f6d608b5
000000497|КЕРАМОГРАНИТ|2|1|bf9cc659-3ffb-11e8-a200-88d7f6d608b5|bf9cc656-3ffb-11e8-a200-88d7f6d608b5
000000499|Стеновые материалы|1|0|bf9cc65b-3ffb-11e8-a200-88d7f6d608b5|bf9cc620-3ffb-11e8-a200-88d7f6d608b5
000000500|Вагонка ПВХ|2|1|bf9cc65c-3ffb-11e8-a200-88d7f6d608b5|bf9cc65b-3ffb-11e8-a200-88d7f6d608b5
000000502|Панели виниловые|2|1|bf9cc65e-3ffb-11e8-a200-88d7f6d608b5|bf9cc65b-3ffb-11e8-a200-88d7f6d608b5
000000504|Панели МДФ|2|1|bf9cc660-3ffb-11e8-a200-88d7f6d608b5|bf9cc65b-3ffb-11e8-a200-88d7f6d608b5
000000506|Панели ПВХ|2|1|bf9cc662-3ffb-11e8-a200-88d7f6d608b5|bf9cc65b-3ffb-11e8-a200-88d7f6d608b5
000000508|Панели ХДФ и МДФ листовые|2|1|bf9cc664-3ffb-11e8-a200-88d7f6d608b5|bf9cc65b-3ffb-11e8-a200-88d7f6d608b5
000000510|Профиль для листовых панелей|2|1|bf9cc666-3ffb-11e8-a200-88d7f6d608b5|bf9cc65b-3ffb-11e8-a200-88d7f6d608b5
000000512|Профиль для панелей ПВХ|2|1|bf9cc668-3ffb-11e8-a200-88d7f6d608b5|bf9cc65b-3ffb-11e8-a200-88d7f6d608b5
000000514|Раскладка под плитку|2|1|c70d456a-3ffb-11e8-a200-88d7f6d608b5|bf9cc65b-3ffb-11e8-a200-88d7f6d608b5
000000516|Уголки дюралевые|2|1|c70d456c-3ffb-11e8-a200-88d7f6d608b5|bf9cc65b-3ffb-11e8-a200-88d7f6d608b5
000000518|Уголки ПВХ|2|1|c70d456e-3ffb-11e8-a200-88d7f6d608b5|bf9cc65b-3ffb-11e8-a200-88d7f6d608b5
000000520|Фартук|2|1|c70d4570-3ffb-11e8-a200-88d7f6d608b5|bf9cc65b-3ffb-11e8-a200-88d7f6d608b5
000000522|Товары для дома и сада|0|0|c70d4572-3ffb-11e8-a200-88d7f6d608b5|
000000523|Предметы интерьера|1|0|c70d4573-3ffb-11e8-a200-88d7f6d608b5|c70d4572-3ffb-11e8-a200-88d7f6d608b5
000000524|Ароматические свечи, лампы|2|1|c70d4574-3ffb-11e8-a200-88d7f6d608b5|c70d4573-3ffb-11e8-a200-88d7f6d608b5
000000526|Декоративные резные изделия из металла|2|1|c70d4576-3ffb-11e8-a200-88d7f6d608b5|c70d4573-3ffb-11e8-a200-88d7f6d608b5
000000528|Ключница|2|1|c70d4578-3ffb-11e8-a200-88d7f6d608b5|c70d4573-3ffb-11e8-a200-88d7f6d608b5
000000530|Новогодние украшения|2|1|c70d457a-3ffb-11e8-a200-88d7f6d608b5|c70d4573-3ffb-11e8-a200-88d7f6d608b5
000000532|Фоторамка|2|1|c70d457c-3ffb-11e8-a200-88d7f6d608b5|c70d4573-3ffb-11e8-a200-88d7f6d608b5
000000534|Часы|2|1|c70d457e-3ffb-11e8-a200-88d7f6d608b5|c70d4573-3ffb-11e8-a200-88d7f6d608b5
000000536|Ящики почтовые|2|1|c70d4580-3ffb-11e8-a200-88d7f6d608b5|c70d4573-3ffb-11e8-a200-88d7f6d608b5
000000538|Хозяйственные товары|1|0|c70d4582-3ffb-11e8-a200-88d7f6d608b5|c70d4572-3ffb-11e8-a200-88d7f6d608b5
000000539|Сетка москитная|2|1|c70d4583-3ffb-11e8-a200-88d7f6d608b5|c70d4582-3ffb-11e8-a200-88d7f6d608b5
000000541|Автотовары|2|1|c70d4585-3ffb-11e8-a200-88d7f6d608b5|c70d4582-3ffb-11e8-a200-88d7f6d608b5
000000543|Бытовая техника|2|1|c70d4587-3ffb-11e8-a200-88d7f6d608b5|c70d4582-3ffb-11e8-a200-88d7f6d608b5
000000545|Посуда и кухонные пренадлежности|2|1|c70d4589-3ffb-11e8-a200-88d7f6d608b5|c70d4582-3ffb-11e8-a200-88d7f6d608b5
000000547|Сувениры|2|1|c70d458b-3ffb-11e8-a200-88d7f6d608b5|c70d4582-3ffb-11e8-a200-88d7f6d608b5
000000549|Товары для уборки дома|2|1|c70d458d-3ffb-11e8-a200-88d7f6d608b5|c70d4582-3ffb-11e8-a200-88d7f6d608b5
000000551|Сад и огород|1|0|c70d458f-3ffb-11e8-a200-88d7f6d608b5|c70d4572-3ffb-11e8-a200-88d7f6d608b5
000000552|Известь|2|1|c70d4590-3ffb-11e8-a200-88d7f6d608b5|c70d458f-3ffb-11e8-a200-88d7f6d608b5
000000554|Грунты/дренаж|2|1|c70d4592-3ffb-11e8-a200-88d7f6d608b5|c70d458f-3ffb-11e8-a200-88d7f6d608b5
000000556|Обустройство сада и огорода|2|1|c70d4594-3ffb-11e8-a200-88d7f6d608b5|c70d458f-3ffb-11e8-a200-88d7f6d608b5
000000558|Стимулятор/регулятор роста|2|1|c70d4596-3ffb-11e8-a200-88d7f6d608b5|c70d458f-3ffb-11e8-a200-88d7f6d608b5
000000560|Поливочная система|2|1|c70d4598-3ffb-11e8-a200-88d7f6d608b5|c70d458f-3ffb-11e8-a200-88d7f6d608b5
000000562|Садово-огородный инвентарь|2|1|c70d459a-3ffb-11e8-a200-88d7f6d608b5|c70d458f-3ffb-11e8-a200-88d7f6d608b5
000000564|Садовые емкости|2|1|c70d459c-3ffb-11e8-a200-88d7f6d608b5|c70d458f-3ffb-11e8-a200-88d7f6d608b5
000000566|Средства для защиты растений|2|1|c70d459e-3ffb-11e8-a200-88d7f6d608b5|c70d458f-3ffb-11e8-a200-88d7f6d608b5
000000568|Товары для рассады|2|1|c70d45a0-3ffb-11e8-a200-88d7f6d608b5|c70d458f-3ffb-11e8-a200-88d7f6d608b5
000000570|Удобрения|2|1|c70d45a2-3ffb-11e8-a200-88d7f6d608b5|c70d458f-3ffb-11e8-a200-88d7f6d608b5
000000572|Укрывной материал|2|1|c70d45a4-3ffb-11e8-a200-88d7f6d608b5|c70d458f-3ffb-11e8-a200-88d7f6d608b5
000000574|Бассейны|1|0|c70d45a6-3ffb-11e8-a200-88d7f6d608b5|c70d4572-3ffb-11e8-a200-88d7f6d608b5
000000576|Оборудование для бассейнов|2|1|c70d45a8-3ffb-11e8-a200-88d7f6d608b5|c70d45a6-3ffb-11e8-a200-88d7f6d608b5
000000578|Надувная мебель|1|1|c70d45aa-3ffb-11e8-a200-88d7f6d608b5|c70d4572-3ffb-11e8-a200-88d7f6d608b5
000000580|Зонты подставки|1|1|c70d45ac-3ffb-11e8-a200-88d7f6d608b5|c70d4572-3ffb-11e8-a200-88d7f6d608b5
000000582|Качели, гамаки|1|1|c70d45ae-3ffb-11e8-a200-88d7f6d608b5|c70d4572-3ffb-11e8-a200-88d7f6d608b5
000000584|Мангалы, грили, барбекю, тандыр|1|1|c70d45b0-3ffb-11e8-a200-88d7f6d608b5|c70d4572-3ffb-11e8-a200-88d7f6d608b5
000000586|Отдых на воде|1|1|c70d45b2-3ffb-11e8-a200-88d7f6d608b5|c70d4572-3ffb-11e8-a200-88d7f6d608b5
000000588|Павильон, шатер|1|1|c70d45b4-3ffb-11e8-a200-88d7f6d608b5|c70d4572-3ffb-11e8-a200-88d7f6d608b5
000000590|Палатки, мешки спальные|1|1|c70d45b6-3ffb-11e8-a200-88d7f6d608b5|c70d4572-3ffb-11e8-a200-88d7f6d608b5
000000592|Средства для загара|1|1|c70d45b8-3ffb-11e8-a200-88d7f6d608b5|c70d4572-3ffb-11e8-a200-88d7f6d608b5
000000594|Товары для детей|1|1|c70d45ba-3ffb-11e8-a200-88d7f6d608b5|c70d4572-3ffb-11e8-a200-88d7f6d608b5
000000596|Товары для пикника|1|1|c70d45bc-3ffb-11e8-a200-88d7f6d608b5|c70d4572-3ffb-11e8-a200-88d7f6d608b5
000000598|Печи для дома и бани|0|0|c70d45be-3ffb-11e8-a200-88d7f6d608b5|
000000599|Расходные материалы для печей и каминов|1|1|c70d45bf-3ffb-11e8-a200-88d7f6d608b5|c70d45be-3ffb-11e8-a200-88d7f6d608b5
000000601|Котлы, печи|1|0|c70d45c1-3ffb-11e8-a200-88d7f6d608b5|c70d45be-3ffb-11e8-a200-88d7f6d608b5
000000602|Печи-камины|2|1|c70d45c2-3ffb-11e8-a200-88d7f6d608b5|c70d45c1-3ffb-11e8-a200-88d7f6d608b5
000000604|Печи для бани|2|1|c70d45c4-3ffb-11e8-a200-88d7f6d608b5|c70d45c1-3ffb-11e8-a200-88d7f6d608b5
000000606|Печи отпительные|2|1|c70d45c6-3ffb-11e8-a200-88d7f6d608b5|c70d45c1-3ffb-11e8-a200-88d7f6d608b5
000000608|Теплоизоляционные материалы|1|1|c70d45c8-3ffb-11e8-a200-88d7f6d608b5|c70d45be-3ffb-11e8-a200-88d7f6d608b5
000000610|Аксессуары для каминов|1|1|c70d45ca-3ffb-11e8-a200-88d7f6d608b5|c70d45be-3ffb-11e8-a200-88d7f6d608b5
000000612|Водогрейные колонки|1|1|c70d45cc-3ffb-11e8-a200-88d7f6d608b5|c70d45be-3ffb-11e8-a200-88d7f6d608b5
000000614|Дымоходы и комплектующие|1|0|c70d45ce-3ffb-11e8-a200-88d7f6d608b5|c70d45be-3ffb-11e8-a200-88d7f6d608b5
000000616|Средства для дымоходов|2|1|c70d45d0-3ffb-11e8-a200-88d7f6d608b5|c70d45ce-3ffb-11e8-a200-88d7f6d608b5
000000618|Евродрова|1|1|c70d45d2-3ffb-11e8-a200-88d7f6d608b5|c70d45be-3ffb-11e8-a200-88d7f6d608b5
000000620|Камень для сауны и бани|1|1|c70d45d4-3ffb-11e8-a200-88d7f6d608b5|c70d45be-3ffb-11e8-a200-88d7f6d608b5
000000622|Котлы отопительные|2|1|c70d45d6-3ffb-11e8-a200-88d7f6d608b5|c70d45c1-3ffb-11e8-a200-88d7f6d608b5
000000624|Облицовочная плитка/соляная|1|1|c70d45d8-3ffb-11e8-a200-88d7f6d608b5|c70d45be-3ffb-11e8-a200-88d7f6d608b5
000000626|Банные аксессуары|1|0|c70d45da-3ffb-11e8-a200-88d7f6d608b5|c70d45be-3ffb-11e8-a200-88d7f6d608b5
000000627|Банная косметика|2|1|c70d45db-3ffb-11e8-a200-88d7f6d608b5|c70d45da-3ffb-11e8-a200-88d7f6d608b5
000000630|Мебель для бани|1|1|c70d45de-3ffb-11e8-a200-88d7f6d608b5|c70d45be-3ffb-11e8-a200-88d7f6d608b5
000000632|Средства защиты|1|0|c70d45e0-3ffb-11e8-a200-88d7f6d608b5|b80b1849-3ffb-11e8-a200-88d7f6d608b5
000000633|Спецодежда|2|1|c70d45e1-3ffb-11e8-a200-88d7f6d608b5|c70d45e0-3ffb-11e8-a200-88d7f6d608b5
000000635|Обувь|2|1|c70d45e3-3ffb-11e8-a200-88d7f6d608b5|c70d45e0-3ffb-11e8-a200-88d7f6d608b5
000000637|Каркасные и надувные бассейны|2|1|148b3f85-42d1-11e8-a200-88d7f6d608b5|c70d45a6-3ffb-11e8-a200-88d7f6d608b5
000000638|Дымоходы |2|1|148b3f86-42d1-11e8-a200-88d7f6d608b5|c70d45ce-3ffb-11e8-a200-88d7f6d608b5
000000639|Аксессуары для бани|2|1|148b3f88-42d1-11e8-a200-88d7f6d608b5|c70d45da-3ffb-11e8-a200-88d7f6d608b5
000000640|Ручной инструмент|1|1|000c5b7b-42f4-11e8-a200-88d7f6d608b5|b80b1849-3ffb-11e8-a200-88d7f6d608b5
000000644|Оконная фурнитура|2|1|022f4206-43b0-11e8-a200-88d7f6d608b5|bf9cc5f4-3ffb-11e8-a200-88d7f6d608b5
000000646|Мебель|2|1|022f4209-43b0-11e8-a200-88d7f6d608b5|c70d458f-3ffb-11e8-a200-88d7f6d608b5
000000648|Печное литье|1|1|022f420c-43b0-11e8-a200-88d7f6d608b5|c70d45be-3ffb-11e8-a200-88d7f6d608b5
000000650|Погонаж|1|1|022f420f-43b0-11e8-a200-88d7f6d608b5|b80b17e7-3ffb-11e8-a200-88d7f6d608b5
000000653|Разное|2|1|022f4215-43b0-11e8-a200-88d7f6d608b5|c70d4582-3ffb-11e8-a200-88d7f6d608b5
000000655|Труба профильная|2|1|7a947c36-484d-11e8-a200-88d7f6d608b5|b80b179c-3ffb-11e8-a200-88d7f6d608b5
000000657|Сайдинг металлический|2|1|0110677d-cea5-11e8-a20d-88d7f6d608b5|b80b17c2-3ffb-11e8-a200-88d7f6d608b5
000000659|Паркетная доска|1|1|4d15d562-e7d7-11e8-a211-88d7f6d608b5|bf9cc621-3ffb-11e8-a200-88d7f6d608b5
000000661|ТЕПЛИЦЫ И ПАРНИКИ|2|1|8a0edb21-ea60-11e8-a211-88d7f6d608b5|c70d458f-3ffb-11e8-a200-88d7f6d608b5
000000663|Облицовочная жаростойкая (терракот)|2|1|c29f848d-f47a-11e8-a211-88d7f6d608b5|bf9cc64c-3ffb-11e8-a200-88d7f6d608b5
000000666|Банные подарочные наборы|2|1|8eb0e1c5-f6bf-11e8-a212-88d7f6d608b5|c70d45da-3ffb-11e8-a200-88d7f6d608b5
000000668|Котлы электрические|2|1|c588a9dd-08f2-11e9-a215-88d7f6d608b5|bf9cc5b8-3ffb-11e8-a200-88d7f6d608b5
000000669|Поризованные блоки|2|1|411e06b4-0f31-11e9-a217-88d7f6d608b5|510b8823-3b1a-11e9-a21b-88d7f6d608b5
000000671|Малярный инструмент|2|1|487b43ae-2516-11e9-a21a-88d7f6d608b5|000c5b7b-42f4-11e8-a200-88d7f6d608b5
000000673|Добавки для строительных растворов |2|1|ad2e9ebb-2520-11e9-a21a-88d7f6d608b5|b80b17d2-3ffb-11e8-a200-88d7f6d608b5
000000683|Измерительный инструмент|2|1|58848ac8-25e2-11e9-a21a-88d7f6d608b5|000c5b7b-42f4-11e8-a200-88d7f6d608b5
000000684|Инструмент для работы с кафелем и стеклом|2|1|58848ac9-25e2-11e9-a21a-88d7f6d608b5|000c5b7b-42f4-11e8-a200-88d7f6d608b5
000000685|Крепежный инструмент|2|1|58848aca-25e2-11e9-a21a-88d7f6d608b5|000c5b7b-42f4-11e8-a200-88d7f6d608b5
000000686|Средства защиты труда|2|1|58848acb-25e2-11e9-a21a-88d7f6d608b5|000c5b7b-42f4-11e8-a200-88d7f6d608b5
000000687|Столярно-слесарный инструмент|2|1|58848acc-25e2-11e9-a21a-88d7f6d608b5|000c5b7b-42f4-11e8-a200-88d7f6d608b5
000000688|Шлифовальный инструмент|2|1|58848acd-25e2-11e9-a21a-88d7f6d608b5|000c5b7b-42f4-11e8-a200-88d7f6d608b5
000000689|Штукатурный инструмент|2|1|58848ace-25e2-11e9-a21a-88d7f6d608b5|000c5b7b-42f4-11e8-a200-88d7f6d608b5
000000690|Электроды, сварочная проволока|2|1|58848acf-25e2-11e9-a21a-88d7f6d608b5|bf9cc569-3ffb-11e8-a200-88d7f6d608b5
000000691|Паяльные лампы|2|1|58848ad0-25e2-11e9-a21a-88d7f6d608b5|bf9cc569-3ffb-11e8-a200-88d7f6d608b5
000000693|АКСЕССУАРЫ TV|2|1|586cfb86-2f83-11e9-a21b-88d7f6d608b5|bf9cc5ae-3ffb-11e8-a200-88d7f6d608b5
000000694|АНТЕННА|2|1|586cfb87-2f83-11e9-a21b-88d7f6d608b5|bf9cc5ae-3ffb-11e8-a200-88d7f6d608b5
000000695|ИНТЕРНЕТ|2|1|586cfb88-2f83-11e9-a21b-88d7f6d608b5|bf9cc5ae-3ffb-11e8-a200-88d7f6d608b5
000000696|Боксы, щиты|1|0|586cfb89-2f83-11e9-a21b-88d7f6d608b5|bf9cc5ad-3ffb-11e8-a200-88d7f6d608b5
000000697|РЕСИВЕР для ТВ|2|1|586cfb8a-2f83-11e9-a21b-88d7f6d608b5|bf9cc5ae-3ffb-11e8-a200-88d7f6d608b5
000000698|ТЕЛЕФОНИЯ|2|1|586cfb8b-2f83-11e9-a21b-88d7f6d608b5|bf9cc5ae-3ffb-11e8-a200-88d7f6d608b5
000000699|УСИЛИТЕЛЬ для ТВ|2|0|586cfb8c-2f83-11e9-a21b-88d7f6d608b5|bf9cc5ae-3ffb-11e8-a200-88d7f6d608b5
000000700|ШНУР ТВ|2|0|586cfb8d-2f83-11e9-a21b-88d7f6d608b5|bf9cc5ae-3ffb-11e8-a200-88d7f6d608b5
000000705|Боксы пластиковые|2|1|1956d318-3018-11e9-a21b-88d7f6d608b5|586cfb89-2f83-11e9-a21b-88d7f6d608b5
000000706|Щиты металлические|2|1|1956d319-3018-11e9-a21b-88d7f6d608b5|586cfb89-2f83-11e9-a21b-88d7f6d608b5
000000709|Звонки электрические|1|1|1956d31e-3018-11e9-a21b-88d7f6d608b5|bf9cc5ad-3ffb-11e8-a200-88d7f6d608b5
000000711|Арматура для СИП|2|1|1956d321-3018-11e9-a21b-88d7f6d608b5|bf9cc5b0-3ffb-11e8-a200-88d7f6d608b5
000000712|DIN-рейка|2|1|1956d322-3018-11e9-a21b-88d7f6d608b5|bf9cc5b0-3ffb-11e8-a200-88d7f6d608b5
000000713|Клеммная колодка|2|1|1956d323-3018-11e9-a21b-88d7f6d608b5|bf9cc5b0-3ffb-11e8-a200-88d7f6d608b5
000000714|Зажим "крокодил"|2|1|1956d324-3018-11e9-a21b-88d7f6d608b5|bf9cc5b0-3ffb-11e8-a200-88d7f6d608b5
000000715|Изолента|2|1|1956d325-3018-11e9-a21b-88d7f6d608b5|bf9cc5b0-3ffb-11e8-a200-88d7f6d608b5
000000716|Клеммники/Наконечники|2|1|1956d326-3018-11e9-a21b-88d7f6d608b5|bf9cc5b0-3ffb-11e8-a200-88d7f6d608b5
000000717|Коробка монтажная|2|1|1956d327-3018-11e9-a21b-88d7f6d608b5|bf9cc5b0-3ffb-11e8-a200-88d7f6d608b5
000000718|Скоба|2|1|1956d328-3018-11e9-a21b-88d7f6d608b5|bf9cc5b0-3ffb-11e8-a200-88d7f6d608b5
000000719|Термоусадка|2|1|1956d329-3018-11e9-a21b-88d7f6d608b5|bf9cc5b0-3ffb-11e8-a200-88d7f6d608b5
000000720|Хомуты нейлоновые|2|1|1956d32a-3018-11e9-a21b-88d7f6d608b5|bf9cc5b0-3ffb-11e8-a200-88d7f6d608b5
000000721|Шина|2|1|1956d32b-3018-11e9-a21b-88d7f6d608b5|bf9cc5b0-3ffb-11e8-a200-88d7f6d608b5
000000722|Аккумуляторы|2|1|1956d32c-3018-11e9-a21b-88d7f6d608b5|bf9cc5b2-3ffb-11e8-a200-88d7f6d608b5
000000723|Батарейки|2|1|1956d32d-3018-11e9-a21b-88d7f6d608b5|bf9cc5b2-3ffb-11e8-a200-88d7f6d608b5
000000724|Зарядное устройство|2|1|1956d32e-3018-11e9-a21b-88d7f6d608b5|bf9cc5b2-3ffb-11e8-a200-88d7f6d608b5
000000725|Инструмент для электромонтажа|1|0|1956d32f-3018-11e9-a21b-88d7f6d608b5|bf9cc5ad-3ffb-11e8-a200-88d7f6d608b5
000000726|Инструмент для снятия изоляции|2|1|1956d330-3018-11e9-a21b-88d7f6d608b5|1956d32f-3018-11e9-a21b-88d7f6d608b5
000000727|Клещи|2|1|1956d331-3018-11e9-a21b-88d7f6d608b5|1956d32f-3018-11e9-a21b-88d7f6d608b5
000000728|Мультиметр|2|1|1956d332-3018-11e9-a21b-88d7f6d608b5|1956d32f-3018-11e9-a21b-88d7f6d608b5
000000729|Паяльники|2|1|1956d333-3018-11e9-a21b-88d7f6d608b5|1956d32f-3018-11e9-a21b-88d7f6d608b5
000000730|Индикатор|2|1|1956d334-3018-11e9-a21b-88d7f6d608b5|1956d32f-3018-11e9-a21b-88d7f6d608b5
000000731|Кабель/провод|1|0|1956d335-3018-11e9-a21b-88d7f6d608b5|bf9cc5ad-3ffb-11e8-a200-88d7f6d608b5
000000732|NYM|2|1|1956d336-3018-11e9-a21b-88d7f6d608b5|1956d335-3018-11e9-a21b-88d7f6d608b5
000000753|Огнетушители|2|1|1460221c-3049-11e9-a21b-88d7f6d608b5|c70d45e0-3ffb-11e8-a200-88d7f6d608b5
000000755|Знаки безопасности|2|1|1460221f-3049-11e9-a21b-88d7f6d608b5|c70d45e0-3ffb-11e8-a200-88d7f6d608b5
000000733|ВВГнг|2|1|647c540c-3063-11e9-a21b-88d7f6d608b5|1956d335-3018-11e9-a21b-88d7f6d608b5
000000734|Интернет/телефон/TV|2|1|647c540d-3063-11e9-a21b-88d7f6d608b5|1956d335-3018-11e9-a21b-88d7f6d608b5
000000735|КГ|2|1|647c540e-3063-11e9-a21b-88d7f6d608b5|1956d335-3018-11e9-a21b-88d7f6d608b5
000000736|ПУНП|2|1|647c540f-3063-11e9-a21b-88d7f6d608b5|1956d335-3018-11e9-a21b-88d7f6d608b5
000000737|ПВС|2|1|647c5410-3063-11e9-a21b-88d7f6d608b5|1956d335-3018-11e9-a21b-88d7f6d608b5
000000738|ПуГВ(ПВ-3)/ПуВ(ПВ-1)|2|1|647c5411-3063-11e9-a21b-88d7f6d608b5|1956d335-3018-11e9-a21b-88d7f6d608b5
000000739|СИП|2|1|647c5412-3063-11e9-a21b-88d7f6d608b5|1956d335-3018-11e9-a21b-88d7f6d608b5
000000740|ШВВП|2|1|647c5413-3063-11e9-a21b-88d7f6d608b5|1956d335-3018-11e9-a21b-88d7f6d608b5
000000741|Галогеновые|2|1|647c5414-3063-11e9-a21b-88d7f6d608b5|bf9cc5b4-3ffb-11e8-a200-88d7f6d608b5
000000742|Накаливания|2|1|647c5415-3063-11e9-a21b-88d7f6d608b5|bf9cc5b4-3ffb-11e8-a200-88d7f6d608b5
000000743|Светодиодные|2|1|647c5416-3063-11e9-a21b-88d7f6d608b5|bf9cc5b4-3ffb-11e8-a200-88d7f6d608b5
000000744|ФИТО (для растений)|2|1|647c5417-3063-11e9-a21b-88d7f6d608b5|bf9cc5b4-3ffb-11e8-a200-88d7f6d608b5
000000745|Энергосберегающие|2|1|647c5418-3063-11e9-a21b-88d7f6d608b5|bf9cc5b4-3ffb-11e8-a200-88d7f6d608b5
000000746|Лента светодиодная|1|1|647c5419-3063-11e9-a21b-88d7f6d608b5|bf9cc5ad-3ffb-11e8-a200-88d7f6d608b5
000000747|Автоматические выключатели|2|1|647c541a-3063-11e9-a21b-88d7f6d608b5|bf9cc5b6-3ffb-11e8-a200-88d7f6d608b5
000000748|Дифавтоматы|2|1|647c541b-3063-11e9-a21b-88d7f6d608b5|bf9cc5b6-3ffb-11e8-a200-88d7f6d608b5
000000749|Защита и коммутация|2|1|647c541c-3063-11e9-a21b-88d7f6d608b5|bf9cc5b6-3ffb-11e8-a200-88d7f6d608b5
000000750|Счетчики|2|1|647c541d-3063-11e9-a21b-88d7f6d608b5|bf9cc5b6-3ffb-11e8-a200-88d7f6d608b5
000000751|УЗО|2|1|647c541e-3063-11e9-a21b-88d7f6d608b5|bf9cc5b6-3ffb-11e8-a200-88d7f6d608b5
000000752|Розетки на DIN-рейку|2|1|647c541f-3063-11e9-a21b-88d7f6d608b5|bf9cc5b6-3ffb-11e8-a200-88d7f6d608b5
000000757|Вентиляторы|2|1|647c5420-3063-11e9-a21b-88d7f6d608b5|bf9cc5b8-3ffb-11e8-a200-88d7f6d608b5
000000758|Кабель греющий|2|1|647c5421-3063-11e9-a21b-88d7f6d608b5|bf9cc5b8-3ffb-11e8-a200-88d7f6d608b5
000000759|Маты нагревательные|2|1|647c5422-3063-11e9-a21b-88d7f6d608b5|bf9cc5b8-3ffb-11e8-a200-88d7f6d608b5
000000760|Термопленка|2|1|647c5423-3063-11e9-a21b-88d7f6d608b5|bf9cc5b8-3ffb-11e8-a200-88d7f6d608b5
000000761|ТЭНы|2|1|647c5424-3063-11e9-a21b-88d7f6d608b5|bf9cc5b8-3ffb-11e8-a200-88d7f6d608b5
000000762|Электрообогреватели|2|1|647c5425-3063-11e9-a21b-88d7f6d608b5|bf9cc5b8-3ffb-11e8-a200-88d7f6d608b5
000000763|Прокладка кабеля|1|0|647c5426-3063-11e9-a21b-88d7f6d608b5|bf9cc5ad-3ffb-11e8-a200-88d7f6d608b5
000000764|Кабель-канал|2|1|647c5427-3063-11e9-a21b-88d7f6d608b5|647c5426-3063-11e9-a21b-88d7f6d608b5
000000765|Труба гофро|2|1|647c5428-3063-11e9-a21b-88d7f6d608b5|647c5426-3063-11e9-a21b-88d7f6d608b5
000000766|Труба жесткая|2|1|647c5429-3063-11e9-a21b-88d7f6d608b5|647c5426-3063-11e9-a21b-88d7f6d608b5
000000767|Светильники|1|0|647c542a-3063-11e9-a21b-88d7f6d608b5|bf9cc5ad-3ffb-11e8-a200-88d7f6d608b5
000000768|Влагозащищенные (баня/сауна, ЖКХ)|2|1|647c542b-3063-11e9-a21b-88d7f6d608b5|647c542a-3063-11e9-a21b-88d7f6d608b5
000000769|Встраиваемые|2|1|647c542c-3063-11e9-a21b-88d7f6d608b5|647c542a-3063-11e9-a21b-88d7f6d608b5
000000770|Комплектующие для светильников|2|1|647c542d-3063-11e9-a21b-88d7f6d608b5|647c542a-3063-11e9-a21b-88d7f6d608b5
000000771|Линейные|2|1|647c542e-3063-11e9-a21b-88d7f6d608b5|647c542a-3063-11e9-a21b-88d7f6d608b5
000000772|Люстры, подвесы|2|1|647c542f-3063-11e9-a21b-88d7f6d608b5|647c542a-3063-11e9-a21b-88d7f6d608b5
000000773|Настенно-потолочные|2|1|647c5430-3063-11e9-a21b-88d7f6d608b5|647c542a-3063-11e9-a21b-88d7f6d608b5
000000774|Настольные|2|1|647c5431-3063-11e9-a21b-88d7f6d608b5|647c542a-3063-11e9-a21b-88d7f6d608b5
000000775|Ночники|2|1|647c5432-3063-11e9-a21b-88d7f6d608b5|647c542a-3063-11e9-a21b-88d7f6d608b5
000000776|Офисные, промышленные|2|1|647c5433-3063-11e9-a21b-88d7f6d608b5|647c542a-3063-11e9-a21b-88d7f6d608b5
000000777|Переносные|2|1|647c5434-3063-11e9-a21b-88d7f6d608b5|647c542a-3063-11e9-a21b-88d7f6d608b5
000000778|Прожекторы|2|1|647c5435-3063-11e9-a21b-88d7f6d608b5|647c542a-3063-11e9-a21b-88d7f6d608b5
000000779|Садовые|2|1|647c5436-3063-11e9-a21b-88d7f6d608b5|647c542a-3063-11e9-a21b-88d7f6d608b5
000000780|Торшеры|2|1|647c5437-3063-11e9-a21b-88d7f6d608b5|647c542a-3063-11e9-a21b-88d7f6d608b5
000000781|Фонари|2|1|647c5438-3063-11e9-a21b-88d7f6d608b5|647c542a-3063-11e9-a21b-88d7f6d608b5
000000782|Удлинители, сетевые фильтры|1|0|647c5439-3063-11e9-a21b-88d7f6d608b5|bf9cc5ad-3ffb-11e8-a200-88d7f6d608b5
000000783|Комплектующие |2|1|647c543a-3063-11e9-a21b-88d7f6d608b5|647c5439-3063-11e9-a21b-88d7f6d608b5
000000784|Удлинители бытовые|2|1|647c543b-3063-11e9-a21b-88d7f6d608b5|647c5439-3063-11e9-a21b-88d7f6d608b5
000000785|Удлинители силовые|2|1|647c543c-3063-11e9-a21b-88d7f6d608b5|647c5439-3063-11e9-a21b-88d7f6d608b5
000000786|Фильтры сетевые|2|1|647c543d-3063-11e9-a21b-88d7f6d608b5|647c5439-3063-11e9-a21b-88d7f6d608b5
000000787|Управление светом|1|0|647c543e-3063-11e9-a21b-88d7f6d608b5|bf9cc5ad-3ffb-11e8-a200-88d7f6d608b5
000000788|Пульт|2|1|647c543f-3063-11e9-a21b-88d7f6d608b5|647c543e-3063-11e9-a21b-88d7f6d608b5
000000789|Датчики движения|2|1|647c5440-3063-11e9-a21b-88d7f6d608b5|647c543e-3063-11e9-a21b-88d7f6d608b5
000000790|Датчики освещенности|2|1|647c5441-3063-11e9-a21b-88d7f6d608b5|647c543e-3063-11e9-a21b-88d7f6d608b5
000000791|Таймеры|2|1|647c5442-3063-11e9-a21b-88d7f6d608b5|647c543e-3063-11e9-a21b-88d7f6d608b5
000000792|Открытого типа|2|1|647c5443-3063-11e9-a21b-88d7f6d608b5|bf9cc5bc-3ffb-11e8-a200-88d7f6d608b5
000000793|Скрытого типа|2|1|647c5444-3063-11e9-a21b-88d7f6d608b5|bf9cc5bc-3ffb-11e8-a200-88d7f6d608b5
000000794|Силовые|2|1|647c5445-3063-11e9-a21b-88d7f6d608b5|bf9cc5bc-3ffb-11e8-a200-88d7f6d608b5
000000840|Организация рабочего места|1|0|1e51c89e-30df-11e9-a21b-88d7f6d608b5|b80b1849-3ffb-11e8-a200-88d7f6d608b5
000000841|Домкраты|2|1|1e51c89f-30df-11e9-a21b-88d7f6d608b5|1e51c89e-30df-11e9-a21b-88d7f6d608b5
000000843|Тиски|2|1|1e51c8a3-30df-11e9-a21b-88d7f6d608b5|1e51c89e-30df-11e9-a21b-88d7f6d608b5
000000845|Ящики для инструмента|2|1|1e51c8a6-30df-11e9-a21b-88d7f6d608b5|1e51c89e-30df-11e9-a21b-88d7f6d608b5
000000846|Стеллажи и комплектующие|2|1|1e51c8a7-30df-11e9-a21b-88d7f6d608b5|1e51c89e-30df-11e9-a21b-88d7f6d608b5
000000848|Органайзеры|2|1|1e51c8ad-30df-11e9-a21b-88d7f6d608b5|1e51c89e-30df-11e9-a21b-88d7f6d608b5
000000850|Газоснабжение|1|0|1e51c8b1-30df-11e9-a21b-88d7f6d608b5|bf9cc5be-3ffb-11e8-a200-88d7f6d608b5
000000851|Сварочные аппараты|2|1|45076a76-30f8-11e9-a21b-88d7f6d608b5|bf9cc569-3ffb-11e8-a200-88d7f6d608b5
000000853|Аксессуары для газового оборудования|2|1|2791c729-31bf-11e9-a21b-88d7f6d608b5|bf9cc569-3ffb-11e8-a200-88d7f6d608b5
000000858|Аккумуляторы|2|1|2791c735-31bf-11e9-a21b-88d7f6d608b5|bf9cc57d-3ffb-11e8-a200-88d7f6d608b5
000000864|Аксессуары для бензопил|2|1|2791c740-31bf-11e9-a21b-88d7f6d608b5|bf9cc57d-3ffb-11e8-a200-88d7f6d608b5
000000865|Аксессуары для дрелей, перфораторов|2|1|2791c741-31bf-11e9-a21b-88d7f6d608b5|bf9cc57d-3ffb-11e8-a200-88d7f6d608b5
000000866|Аксессуары для триммеров|2|1|2791c742-31bf-11e9-a21b-88d7f6d608b5|bf9cc57d-3ffb-11e8-a200-88d7f6d608b5
000000867|Аксессуары для УШМ|2|1|2791c743-31bf-11e9-a21b-88d7f6d608b5|bf9cc57d-3ffb-11e8-a200-88d7f6d608b5
000000868|Насадки для PP-R сварочных аппаратов|2|1|2791c744-31bf-11e9-a21b-88d7f6d608b5|bf9cc57d-3ffb-11e8-a200-88d7f6d608b5
000000869|Принадлежности к шнекам|2|1|2791c745-31bf-11e9-a21b-88d7f6d608b5|bf9cc57d-3ffb-11e8-a200-88d7f6d608b5
000000870|Свечи зажагания|2|1|2791c746-31bf-11e9-a21b-88d7f6d608b5|bf9cc57d-3ffb-11e8-a200-88d7f6d608b5
000000871|Аксессуары для компрессоров|2|1|2791c747-31bf-11e9-a21b-88d7f6d608b5|bf9cc57d-3ffb-11e8-a200-88d7f6d608b5
000000873|Тележки|2|1|2791c74b-31bf-11e9-a21b-88d7f6d608b5|1e51c89e-30df-11e9-a21b-88d7f6d608b5
000000876|Краскораспылители|2|1|2791c753-31bf-11e9-a21b-88d7f6d608b5|bf9cc581-3ffb-11e8-a200-88d7f6d608b5
000000877|Степлеры|2|1|2791c755-31bf-11e9-a21b-88d7f6d608b5|bf9cc581-3ffb-11e8-a200-88d7f6d608b5
000000879|Наборы пневмоинструмента|2|1|2791c759-31bf-11e9-a21b-88d7f6d608b5|bf9cc581-3ffb-11e8-a200-88d7f6d608b5
000000881|Аксессуары для мини-дрелей|2|1|2791c75d-31bf-11e9-a21b-88d7f6d608b5|bf9cc583-3ffb-11e8-a200-88d7f6d608b5
000000882|Биты и держатели|2|1|2791c75e-31bf-11e9-a21b-88d7f6d608b5|bf9cc583-3ffb-11e8-a200-88d7f6d608b5
000000884|Диски алмазные|2|1|2791c761-31bf-11e9-a21b-88d7f6d608b5|bf9cc583-3ffb-11e8-a200-88d7f6d608b5
000000886|Круги зачистные по металлу|2|1|2791c764-31bf-11e9-a21b-88d7f6d608b5|bf9cc583-3ffb-11e8-a200-88d7f6d608b5
000000888|Круги отрезные по камню|2|1|4f3ccfd5-31d3-11e9-a21b-88d7f6d608b5|bf9cc583-3ffb-11e8-a200-88d7f6d608b5
000000890|Круги отрезные по металлу|2|1|4f3ccfd8-31d3-11e9-a21b-88d7f6d608b5|bf9cc583-3ffb-11e8-a200-88d7f6d608b5
000000892|Диски пильные|2|1|4f3ccfdb-31d3-11e9-a21b-88d7f6d608b5|bf9cc583-3ffb-11e8-a200-88d7f6d608b5
000000894|Диски и насадки полировальные|2|1|4f3ccfde-31d3-11e9-a21b-88d7f6d608b5|bf9cc583-3ffb-11e8-a200-88d7f6d608b5
000000896|Круги лепестковые|2|1|4f3ccfe1-31d3-11e9-a21b-88d7f6d608b5|bf9cc583-3ffb-11e8-a200-88d7f6d608b5
000000897|Круги шлифовальные|2|1|4f3ccfe2-31d3-11e9-a21b-88d7f6d608b5|bf9cc583-3ffb-11e8-a200-88d7f6d608b5
000000898|Зубила для перфоратора|2|1|4f3ccfe3-31d3-11e9-a21b-88d7f6d608b5|bf9cc583-3ffb-11e8-a200-88d7f6d608b5
000000899|Коронки и державки|2|1|4f3ccfe4-31d3-11e9-a21b-88d7f6d608b5|bf9cc583-3ffb-11e8-a200-88d7f6d608b5
000000900|Ленты для ЛШМ|2|1|4f3ccfe5-31d3-11e9-a21b-88d7f6d608b5|bf9cc583-3ffb-11e8-a200-88d7f6d608b5
000000901|Масла и смазочные материалы|2|1|4f3ccfe6-31d3-11e9-a21b-88d7f6d608b5|bf9cc583-3ffb-11e8-a200-88d7f6d608b5
000000902|Наборы для установки замков|2|1|4f3ccfe7-31d3-11e9-a21b-88d7f6d608b5|bf9cc583-3ffb-11e8-a200-88d7f6d608b5
000000903|Ножи для рубанка|2|1|4f3ccfe8-31d3-11e9-a21b-88d7f6d608b5|bf9cc583-3ffb-11e8-a200-88d7f6d608b5
000000904|Ножи и леска для триммера|2|1|4f3ccfe9-31d3-11e9-a21b-88d7f6d608b5|bf9cc583-3ffb-11e8-a200-88d7f6d608b5
000000905|Пилы кольцевые|2|1|4f3ccfea-31d3-11e9-a21b-88d7f6d608b5|bf9cc583-3ffb-11e8-a200-88d7f6d608b5
000000906|Полотна для МФИ|2|1|4f3ccfeb-31d3-11e9-a21b-88d7f6d608b5|bf9cc583-3ffb-11e8-a200-88d7f6d608b5
000000907|Полотна для эл. лобзика|2|1|4f3ccfec-31d3-11e9-a21b-88d7f6d608b5|bf9cc583-3ffb-11e8-a200-88d7f6d608b5
000000908|Стержни для клеевого пистолета|2|1|4f3ccfed-31d3-11e9-a21b-88d7f6d608b5|bf9cc583-3ffb-11e8-a200-88d7f6d608b5
000000909|Тарелка опорная для УШМ|2|1|4f3ccfee-31d3-11e9-a21b-88d7f6d608b5|bf9cc583-3ffb-11e8-a200-88d7f6d608b5
000000910|Фрезеры и шарошки|2|1|4f3ccfef-31d3-11e9-a21b-88d7f6d608b5|bf9cc583-3ffb-11e8-a200-88d7f6d608b5
000000911|Цепи пильные|2|1|4f3ccff0-31d3-11e9-a21b-88d7f6d608b5|bf9cc583-3ffb-11e8-a200-88d7f6d608b5
000000912|Кордщетки|2|1|4f3ccff1-31d3-11e9-a21b-88d7f6d608b5|bf9cc583-3ffb-11e8-a200-88d7f6d608b5
000000934|Бензопилы|2|1|52d17f06-31f2-11e9-a21b-88d7f6d608b5|bf9cc585-3ffb-11e8-a200-88d7f6d608b5
000000935|Газонокосилки|2|1|52d17f07-31f2-11e9-a21b-88d7f6d608b5|bf9cc585-3ffb-11e8-a200-88d7f6d608b5
000000936|Мотоблоки и комплектующие|2|1|52d17f08-31f2-11e9-a21b-88d7f6d608b5|bf9cc585-3ffb-11e8-a200-88d7f6d608b5
000000937|Мотокультиваторы|2|1|52d17f09-31f2-11e9-a21b-88d7f6d608b5|bf9cc585-3ffb-11e8-a200-88d7f6d608b5
000000938|Триммеры, кусторезы|2|1|52d17f0a-31f2-11e9-a21b-88d7f6d608b5|bf9cc585-3ffb-11e8-a200-88d7f6d608b5
000000943|Движки для снега|2|1|52d17f14-31f2-11e9-a21b-88d7f6d608b5|bf9cc587-3ffb-11e8-a200-88d7f6d608b5
000000944|Ледорубы|2|1|52d17f15-31f2-11e9-a21b-88d7f6d608b5|bf9cc587-3ffb-11e8-a200-88d7f6d608b5
000000945|Лопаты снеговые с черенком|2|1|52d17f16-31f2-11e9-a21b-88d7f6d608b5|bf9cc587-3ffb-11e8-a200-88d7f6d608b5
000000946|Лопаты снеговые без черенка|2|1|52d17f17-31f2-11e9-a21b-88d7f6d608b5|bf9cc587-3ffb-11e8-a200-88d7f6d608b5
000000947|Снегоуборщики|2|1|52d17f18-31f2-11e9-a21b-88d7f6d608b5|bf9cc587-3ffb-11e8-a200-88d7f6d608b5
000000948|Дрели|2|1|52d17f19-31f2-11e9-a21b-88d7f6d608b5|bf9cc58b-3ffb-11e8-a200-88d7f6d608b5
000000949|Дровоколы|2|1|52d17f1a-31f2-11e9-a21b-88d7f6d608b5|bf9cc58b-3ffb-11e8-a200-88d7f6d608b5
000000950|Клеевые пистолеты|2|1|52d17f1b-31f2-11e9-a21b-88d7f6d608b5|bf9cc58b-3ffb-11e8-a200-88d7f6d608b5
000000951|Краскопульты|2|1|52d17f1c-31f2-11e9-a21b-88d7f6d608b5|bf9cc58b-3ffb-11e8-a200-88d7f6d608b5
000000952|Лобзики|2|1|52d17f1d-31f2-11e9-a21b-88d7f6d608b5|bf9cc58b-3ffb-11e8-a200-88d7f6d608b5
000000953|Многофункциональный инструмент|2|1|52d17f1e-31f2-11e9-a21b-88d7f6d608b5|bf9cc58b-3ffb-11e8-a200-88d7f6d608b5
000000954|Перфораторы, отбойные молотки|2|1|52d17f1f-31f2-11e9-a21b-88d7f6d608b5|bf9cc58b-3ffb-11e8-a200-88d7f6d608b5
000000955|Пилы дисковые|2|1|52d17f20-31f2-11e9-a21b-88d7f6d608b5|bf9cc58b-3ffb-11e8-a200-88d7f6d608b5
000000956|Электрические рубанки|2|1|52d17f21-31f2-11e9-a21b-88d7f6d608b5|bf9cc58b-3ffb-11e8-a200-88d7f6d608b5
000000957|Сварочные аппараты для PP-R труб|2|1|52d17f22-31f2-11e9-a21b-88d7f6d608b5|bf9cc58b-3ffb-11e8-a200-88d7f6d608b5
000000958|Электрические степлеры|2|1|52d17f23-31f2-11e9-a21b-88d7f6d608b5|bf9cc58b-3ffb-11e8-a200-88d7f6d608b5
000000959|Углошлифовальные машины|2|1|52d17f24-31f2-11e9-a21b-88d7f6d608b5|bf9cc58b-3ffb-11e8-a200-88d7f6d608b5
000000960|Фены строительные|2|1|52d17f25-31f2-11e9-a21b-88d7f6d608b5|bf9cc58b-3ffb-11e8-a200-88d7f6d608b5
000000961|Фрезеры|2|1|52d17f26-31f2-11e9-a21b-88d7f6d608b5|bf9cc58b-3ffb-11e8-a200-88d7f6d608b5
000000999|Сверла по металлу|2|1|039b629f-32b4-11e9-a21b-88d7f6d608b5|bf9cc583-3ffb-11e8-a200-88d7f6d608b5
000001001|Сверла по дереву|2|1|039b62a2-32b4-11e9-a21b-88d7f6d608b5|bf9cc583-3ffb-11e8-a200-88d7f6d608b5
000001003|Сверла по бетону|2|1|039b62a5-32b4-11e9-a21b-88d7f6d608b5|bf9cc583-3ffb-11e8-a200-88d7f6d608b5
000001005|Сверла по стеклу и кафелю|2|1|039b62a8-32b4-11e9-a21b-88d7f6d608b5|bf9cc583-3ffb-11e8-a200-88d7f6d608b5
000001007|Сверла фрезеровальные |2|1|039b62ab-32b4-11e9-a21b-88d7f6d608b5|bf9cc583-3ffb-11e8-a200-88d7f6d608b5
000001009|Шлифовальные, полировальные машины|2|1|039b62ae-32b4-11e9-a21b-88d7f6d608b5|bf9cc58b-3ffb-11e8-a200-88d7f6d608b5
000001011|Шуруповерты, отвертки|2|1|039b62b1-32b4-11e9-a21b-88d7f6d608b5|bf9cc58b-3ffb-11e8-a200-88d7f6d608b5
000001013|Электропилы цепные|2|1|039b62b4-32b4-11e9-a21b-88d7f6d608b5|bf9cc58b-3ffb-11e8-a200-88d7f6d608b5
000001014|Пищевое оборудование|1|0|e5daf36f-3662-11e9-a21b-88d7f6d608b5|c70d4572-3ffb-11e8-a200-88d7f6d608b5
000001015|Самогоноварение|2|1|e5daf370-3662-11e9-a21b-88d7f6d608b5|e5daf36f-3662-11e9-a21b-88d7f6d608b5
000001016|Пивоварение|2|1|e5daf371-3662-11e9-a21b-88d7f6d608b5|e5daf36f-3662-11e9-a21b-88d7f6d608b5
000001017|Консервирование|2|1|e5daf372-3662-11e9-a21b-88d7f6d608b5|e5daf36f-3662-11e9-a21b-88d7f6d608b5
000001018|Сопутствующие товары|2|1|e5daf373-3662-11e9-a21b-88d7f6d608b5|e5daf36f-3662-11e9-a21b-88d7f6d608b5
000001019|ПУГНП|2|1|c2d0fce5-37f7-11e9-a21b-88d7f6d608b5|1956d335-3018-11e9-a21b-88d7f6d608b5
000001021|Керамзитобетонные блоки|2|1|510b880c-3b1a-11e9-a21b-88d7f6d608b5|510b8823-3b1a-11e9-a21b-88d7f6d608b5
000001029|Газобетонные и стеновые блоки|1|0|510b8823-3b1a-11e9-a21b-88d7f6d608b5|b80b174c-3ffb-11e8-a200-88d7f6d608b5
000001027|Круги лепестковые для дрели|2|1|33c6efc6-3b3f-11e9-a21b-88d7f6d608b5|bf9cc583-3ffb-11e8-a200-88d7f6d608b5
000001030|Терморегулятор|2|1|44ab33c2-3c1b-11e9-a21b-88d7f6d608b5|bf9cc5b8-3ffb-11e8-a200-88d7f6d608b5
000001039|Новый новый ресурс|2|1|0ee5444c-4d2a-11e9-a21b-111111111111|bf9cc651-3ffb-11e8-a200-88d7f6d608b5
000001032|Жидкие обои|2|1|6573f919-3cbe-11e9-a21b-88d7f6d608b5|bf9cc651-3ffb-11e8-a200-88d7f6d608b5
000001034|Воздуходувы|2|1|bace4ea1-43e6-11e9-a21b-88d7f6d608b5|bf9cc58b-3ffb-11e8-a200-88d7f6d608b5
000001036|Клеенка, скатерть, пленка|2|1|6210e739-4ad1-11e9-a21b-88d7f6d608b5|c70d4582-3ffb-11e8-a200-88d7f6d608b5
000001038|Декоративные обои|2|1|0ee5444c-4d2a-11e9-a21b-88d7f6d608b5|bf9cc651-3ffb-11e8-a200-88d7f6d608b5

